notification_id,created_at_utc,alert_date,sku_id,warehouse_id,alert_type,severity,recommended_action,channel,recipient,subject,message,status,delivery_ref,error
027008a5ca34467eb242e593da3c4adb,2026-09-26T09:48:22+00:00,2026-09-30,M028,W001,EXPIRY_RISK_HIGH,HIGH,NO_ACTION,EMAIL,Nishit02209@gmail.com,EXPIRY_RISK_HIGH: M028 / W001,HIGH expiry risk for M028 at W001: 97.63 usable units are forecast to expire before they are consumed. It cannot be moved: it expires within the 2-day transfer transit or no other warehouse can use it before expiry.,SENT,<179041610251.28282.9244393890290779850@medcare.local>,
0f418110388e451e9fc4776a73056f3c,2026-09-26T09:48:22+00:00,2026-09-30,M030,W004,STOCKOUT_RISK_HIGH,HIGH,REORDER,EMAIL,Nishit02209@gmail.com,STOCKOUT_RISK_HIGH: M030 / W004,HIGH stock-out risk for M030 at W004: projected usable inventory -69.79 after 4-day lead-time demand of 137.79 (safety stock 80). Shortage 149.79 units.,SENT,<179041610251.28282.9244393890290779850@medcare.local>,
12c3714b1c164061b470966b3c2672ef,2026-09-26T09:48:22+00:00,2026-09-30,M006,W002,STOCKOUT_RISK_HIGH,HIGH,TRANSFER,EMAIL,Nishit02209@gmail.com,STOCKOUT_RISK_HIGH: M006 / W002,HIGH stock-out risk for M006 at W002: projected usable inventory -20.06 after 4-day lead-time demand of 143.06 (safety stock 70). Shortage 90.06 units.,SENT,<179041610251.28282.9244393890290779850@medcare.local>,
18e63471a6e3415cb1aa8e7c3f1d9ce9,2026-09-26T09:48:22+00:00,2026-09-30,M015,W002,EXPIRY_RISK_HIGH,HIGH,TRANSFER,EMAIL,Nishit02209@gmail.com,EXPIRY_RISK_HIGH: M015 / W002,"HIGH expiry risk for M015 at W002: 58.49 usable units are forecast to expire before they are consumed. 58 units scheduled for transfer to W003, W005.",SENT,<179041610251.28282.9244393890290779850@medcare.local>,
20310964b8c143e3a3d01dd360c2afdd,2026-09-26T09:48:22+00:00,2026-09-30,M029,W002,STOCKOUT_RISK_HIGH,HIGH,TRANSFER,EMAIL,Nishit02209@gmail.com,STOCKOUT_RISK_HIGH: M029 / W002,HIGH stock-out risk for M029 at W002: projected usable inventory -35.98 after 6-day lead-time demand of 222.98 (safety stock 110). Shortage 145.98 units.,SENT,<179041610251.28282.9244393890290779850@medcare.local>,
206201c53281480385b19c7324ed918c,2026-09-26T09:48:22+00:00,2026-09-30,M027,W001,STOCKOUT_RISK_HIGH,HIGH,TRANSFER,EMAIL,Nishit02209@gmail.com,STOCKOUT_RISK_HIGH: M027 / W001,HIGH stock-out risk for M027 at W001: projected usable inventory -210.50 after 6-day lead-time demand of 324.50 (safety stock 150). Shortage 360.50 units.,SENT,<179041610251.28282.9244393890290779850@medcare.local>,
20ffd90114984ebeb08a3ce8ad68c767,2026-09-26T09:48:22+00:00,2026-09-30,M023,W003,STOCKOUT_RISK_HIGH,HIGH,TRANSFER,EMAIL,Nishit02209@gmail.com,STOCKOUT_RISK_HIGH: M023 / W003,HIGH stock-out risk for M023 at W003: projected usable inventory -318.39 after 7-day lead-time demand of 446.39 (safety stock 140). Shortage 458.39 units.,SENT,<179041610251.28282.9244393890290779850@medcare.local>,
2bc670ab5b73426f983de083b0cade31,2026-09-26T09:48:22+00:00,2026-09-30,M014,W002,STOCKOUT_RISK_HIGH,HIGH,TRANSFER,EMAIL,Nishit02209@gmail.com,STOCKOUT_RISK_HIGH: M014 / W002,HIGH stock-out risk for M014 at W002: projected usable inventory -57.70 after 5-day lead-time demand of 198.70 (safety stock 140). Shortage 197.70 units.,SENT,<179041610251.28282.9244393890290779850@medcare.local>,
31a707db6e2d4a93855146f83777164d,2026-09-26T09:48:22+00:00,2026-09-30,M012,W004,STOCKOUT_RISK_HIGH,HIGH,TRANSFER,EMAIL,Nishit02209@gmail.com,STOCKOUT_RISK_HIGH: M012 / W004,HIGH stock-out risk for M012 at W004: projected usable inventory -6.19 after 4-day lead-time demand of 423.19 (safety stock 220). Shortage 226.19 units. Seasonal demand signal: SEASONAL (historical seasonal demand pattern).,SENT,<179041610251.28282.9244393890290779850@medcare.local>,
3276592515094a0dbbef17e791fad268,2026-09-26T09:48:22+00:00,2026-09-30,M004,W005,STOCKOUT_RISK_HIGH,HIGH,REORDER,EMAIL,Nishit02209@gmail.com,STOCKOUT_RISK_HIGH: M004 / W005,HIGH stock-out risk for M004 at W005: projected usable inventory -285.37 after 8-day lead-time demand of 327.37 (safety stock 110). Shortage 395.37 units.,SENT,<179041610251.28282.9244393890290779850@medcare.local>,
331568945ddc432b8c3d988de2c1eee0,2026-09-26T09:48:22+00:00,2026-09-30,M007,W005,STOCKOUT_RISK_HIGH,HIGH,TRANSFER,EMAIL,Nishit02209@gmail.com,STOCKOUT_RISK_HIGH: M007 / W005,HIGH stock-out risk for M007 at W005: projected usable inventory -21.17 after 7-day lead-time demand of 279.17 (safety stock 110). Shortage 131.17 units.,SENT,<179041610251.28282.9244393890290779850@medcare.local>,
3497633a218a42d6abc26bc3e5384936,2026-09-26T09:48:22+00:00,2026-09-30,M030,W005,STOCKOUT_RISK_HIGH,HIGH,REORDER,EMAIL,Nishit02209@gmail.com,STOCKOUT_RISK_HIGH: M030 / W005,HIGH stock-out risk for M030 at W005: projected usable inventory -73.08 after 6-day lead-time demand of 135.08 (safety stock 60). Shortage 133.08 units.,SENT,<179041610251.28282.9244393890290779850@medcare.local>,
3ccc7e94bb2145788b0244060211e3fb,2026-09-26T09:48:22+00:00,2026-09-30,M019,W001,STOCKOUT_RISK_HIGH,HIGH,TRANSFER,EMAIL,Nishit02209@gmail.com,STOCKOUT_RISK_HIGH: M019 / W001,HIGH stock-out risk for M019 at W001: projected usable inventory -36.74 after 5-day lead-time demand of 144.74 (safety stock 80). Shortage 116.74 units.,SENT,<179041610251.28282.9244393890290779850@medcare.local>,
3dc44537b05d4fa68117b49745b1f887,2026-09-26T09:48:22+00:00,2026-09-30,M003,W001,STOCKOUT_RISK_HIGH,HIGH,TRANSFER,EMAIL,Nishit02209@gmail.com,STOCKOUT_RISK_HIGH: M003 / W001,HIGH stock-out risk for M003 at W001: projected usable inventory -48.30 after 5-day lead-time demand of 155.30 (safety stock 80). Shortage 128.30 units.,SENT,<179041610251.28282.9244393890290779850@medcare.local>,
4736502097db46b6970157cd44084f84,2026-09-26T09:48:22+00:00,2026-09-30,M020,W006,STOCKOUT_RISK_HIGH,HIGH,REORDER,EMAIL,Nishit02209@gmail.com,STOCKOUT_RISK_HIGH: M020 / W006,HIGH stock-out risk for M020 at W006: projected usable inventory -42.49 after 4-day lead-time demand of 117.49 (safety stock 100). Shortage 142.49 units.,SENT,<179041610251.28282.9244393890290779850@medcare.local>,
490aa278d08a4ea893099ad5d1e3cb37,2026-09-26T09:48:22+00:00,2026-09-30,M009,W002,STOCKOUT_RISK_HIGH,HIGH,TRANSFER,EMAIL,Nishit02209@gmail.com,STOCKOUT_RISK_HIGH: M009 / W002,HIGH stock-out risk for M009 at W002: projected usable inventory -121.42 after 5-day lead-time demand of 283.42 (safety stock 80). Shortage 201.42 units. Seasonal demand signal: SEASONAL (historical seasonal demand pattern).,SENT,<179041610251.28282.9244393890290779850@medcare.local>,
502e96b21f4546b3a84da4cc9716946b,2026-09-26T09:48:22+00:00,2026-09-30,M008,W001,STOCKOUT_RISK_HIGH,HIGH,TRANSFER,EMAIL,Nishit02209@gmail.com,STOCKOUT_RISK_HIGH: M008 / W001,HIGH stock-out risk for M008 at W001: projected usable inventory -34.05 after 5-day lead-time demand of 227.05 (safety stock 120). Shortage 154.05 units.,SENT,<179041610251.28282.9244393890290779850@medcare.local>,
51b430b2e8ef4dd3859e26977ad00e74,2026-09-26T09:48:22+00:00,2026-09-30,M002,W003,STOCKOUT_RISK_HIGH,HIGH,TRANSFER,EMAIL,Nishit02209@gmail.com,STOCKOUT_RISK_HIGH: M002 / W003,HIGH stock-out risk for M002 at W003: projected usable inventory -35.15 after 5-day lead-time demand of 418.15 (safety stock 160). Shortage 195.15 units. Seasonal demand signal: ELEVATED (historical seasonal demand pattern).,SENT,<179041610251.28282.9244393890290779850@medcare.local>,
532bf40b74054a46ae892277c1ef1817,2026-09-26T09:48:22+00:00,2026-09-30,M014,W005,STOCKOUT_RISK_HIGH,HIGH,TRANSFER,EMAIL,Nishit02209@gmail.com,STOCKOUT_RISK_HIGH: M014 / W005,HIGH stock-out risk for M014 at W005: projected usable inventory -82.36 after 6-day lead-time demand of 209.36 (safety stock 100). Shortage 182.36 units.,SENT,<179041610251.28282.9244393890290779850@medcare.local>,
56e2d8da0d6e40f1971f2b553813670a,2026-09-26T09:48:22+00:00,2026-09-30,M006,W003,STOCKOUT_RISK_HIGH,HIGH,TRANSFER,EMAIL,Nishit02209@gmail.com,STOCKOUT_RISK_HIGH: M006 / W003,HIGH stock-out risk for M006 at W003: projected usable inventory -162.73 after 7-day lead-time demand of 250.73 (safety stock 80). Shortage 242.73 units.,SENT,<179041610251.28282.9244393890290779850@medcare.local>,
59b0ed035b4f464ba0884ad5f9053532,2026-09-26T09:48:22+00:00,2026-09-30,M020,W005,STOCKOUT_RISK_HIGH,HIGH,TRANSFER,EMAIL,Nishit02209@gmail.com,STOCKOUT_RISK_HIGH: M020 / W005,HIGH stock-out risk for M020 at W005: projected usable inventory -81.01 after 8-day lead-time demand of 248.01 (safety stock 100). Shortage 181.01 units.,SENT,<179041610251.28282.9244393890290779850@medcare.local>,
628009e9fc5c4618a17db1ce1a01ef54,2026-09-26T09:48:22+00:00,2026-09-30,M004,W004,STOCKOUT_RISK_HIGH,HIGH,REORDER,EMAIL,Nishit02209@gmail.com,STOCKOUT_RISK_HIGH: M004 / W004,HIGH stock-out risk for M004 at W004: projected usable inventory -8.20 after 5-day lead-time demand of 261.20 (safety stock 150). Shortage 158.20 units.,SENT,<179041610251.28282.9244393890290779850@medcare.local>,
85cae959976d426faf770e890407876b,2026-09-26T09:48:22+00:00,2026-09-30,M020,W002,STOCKOUT_RISK_HIGH,HIGH,REORDER,EMAIL,Nishit02209@gmail.com,STOCKOUT_RISK_HIGH: M020 / W002,HIGH stock-out risk for M020 at W002: projected usable inventory -9.90 after 4-day lead-time demand of 127.90 (safety stock 70). Shortage 79.90 units.,SENT,<179041610251.28282.9244393890290779850@medcare.local>,
91a61f8114fd4011a3a81f3729ac140b,2026-09-26T09:48:22+00:00,2026-09-30,M016,W005,STOCKOUT_RISK_HIGH,HIGH,TRANSFER,EMAIL,Nishit02209@gmail.com,STOCKOUT_RISK_HIGH: M016 / W005,HIGH stock-out risk for M016 at W005: projected usable inventory -219.33 after 8-day lead-time demand of 339.33 (safety stock 90). Shortage 309.33 units.,SENT,<179041610251.28282.9244393890290779850@medcare.local>,
929fc43108414cfba0cc546fda9c3e9d,2026-09-26T09:48:22+00:00,2026-09-30,M024,W002,STOCKOUT_RISK_HIGH,HIGH,TRANSFER,EMAIL,Nishit02209@gmail.com,STOCKOUT_RISK_HIGH: M024 / W002,HIGH stock-out risk for M024 at W002: projected usable inventory -50.90 after 6-day lead-time demand of 196.90 (safety stock 90). Shortage 140.90 units.,SENT,<179041610251.28282.9244393890290779850@medcare.local>,
a33e0333f57a4a90ac898cf236d31d62,2026-09-26T09:48:22+00:00,2026-09-30,M024,W001,STOCKOUT_RISK_HIGH,HIGH,TRANSFER,EMAIL,Nishit02209@gmail.com,STOCKOUT_RISK_HIGH: M024 / W001,HIGH stock-out risk for M024 at W001: projected usable inventory -78.54 after 5-day lead-time demand of 211.54 (safety stock 130). Shortage 208.54 units.,SENT,<179041610251.28282.9244393890290779850@medcare.local>,
a35bf8202fee415c8734abc36457bd06,2026-09-26T09:48:22+00:00,2026-09-30,M025,W001,STOCKOUT_RISK_HIGH,HIGH,TRANSFER,EMAIL,Nishit02209@gmail.com,STOCKOUT_RISK_HIGH: M025 / W001,HIGH stock-out risk for M025 at W001: projected usable inventory -127.99 after 5-day lead-time demand of 244.99 (safety stock 160). Shortage 287.99 units.,SENT,<179041610251.28282.9244393890290779850@medcare.local>,
a46964b6566b4ec89965f39037929852,2026-09-26T09:48:22+00:00,2026-09-30,M022,W005,STOCKOUT_RISK_HIGH,HIGH,TRANSFER,EMAIL,Nishit02209@gmail.com,STOCKOUT_RISK_HIGH: M022 / W005,HIGH stock-out risk for M022 at W005: projected usable inventory -84.80 after 8-day lead-time demand of 304.80 (safety stock 90). Shortage 174.80 units.,SENT,<179041610251.28282.9244393890290779850@medcare.local>,
a5d7441613cc4cb1b6fa88145b685fa9,2026-09-26T09:48:22+00:00,2026-09-30,M020,W003,STOCKOUT_RISK_HIGH,HIGH,REORDER,EMAIL,Nishit02209@gmail.com,STOCKOUT_RISK_HIGH: M020 / W003,HIGH stock-out risk for M020 at W003: projected usable inventory -28.53 after 5-day lead-time demand of 165.53 (safety stock 100). Shortage 128.53 units.,SENT,<179041610251.28282.9244393890290779850@medcare.local>,
a795707e3f8e4ad6bc2e5fbfd67af977,2026-09-26T09:48:22+00:00,2026-09-30,M017,W001,STOCKOUT_RISK_HIGH,HIGH,TRANSFER,EMAIL,Nishit02209@gmail.com,STOCKOUT_RISK_HIGH: M017 / W001,HIGH stock-out risk for M017 at W001: projected usable inventory -68.43 after 4-day lead-time demand of 172.43 (safety stock 120). Shortage 188.43 units.,SENT,<179041610251.28282.9244393890290779850@medcare.local>,
b5fb09521c24450d96f31e2993a92baa,2026-09-26T09:48:22+00:00,2026-09-30,M004,W003,STOCKOUT_RISK_HIGH,HIGH,REORDER,EMAIL,Nishit02209@gmail.com,STOCKOUT_RISK_HIGH: M004 / W003,HIGH stock-out risk for M004 at W003: projected usable inventory -185.53 after 5-day lead-time demand of 259.53 (safety stock 180). Shortage 365.53 units.,SENT,<179041610251.28282.9244393890290779850@medcare.local>,
c788225509c6496e9881d7a96818f83c,2026-09-26T09:48:22+00:00,2026-09-30,M018,W005,STOCKOUT_RISK_HIGH,HIGH,TRANSFER,EMAIL,Nishit02209@gmail.com,STOCKOUT_RISK_HIGH: M018 / W005,HIGH stock-out risk for M018 at W005: projected usable inventory -0.25 after 7-day lead-time demand of 259.25 (safety stock 120). Shortage 120.25 units.,SENT,<179041610251.28282.9244393890290779850@medcare.local>,
ccb91f130ba7456cb5bb2dafb9ff8511,2026-09-26T09:48:22+00:00,2026-09-30,M019,W003,STOCKOUT_RISK_HIGH,HIGH,TRANSFER,EMAIL,Nishit02209@gmail.com,STOCKOUT_RISK_HIGH: M019 / W003,HIGH stock-out risk for M019 at W003: projected usable inventory -11.64 after 7-day lead-time demand of 198.64 (safety stock 80). Shortage 91.64 units.,SENT,<179041610251.28282.9244393890290779850@medcare.local>,
d268a3f838fd4962874ae2a071af102c,2026-09-26T09:48:22+00:00,2026-09-30,M026,W006,STOCKOUT_RISK_HIGH,HIGH,TRANSFER,EMAIL,Nishit02209@gmail.com,STOCKOUT_RISK_HIGH: M026 / W006,HIGH stock-out risk for M026 at W006: projected usable inventory -36.53 after 3-day lead-time demand of 99.53 (safety stock 90). Shortage 126.53 units.,SENT,<179041610251.28282.9244393890290779850@medcare.local>,
d8f2abe75d2149d8a5950b1c3f7b9b5a,2026-09-26T09:48:22+00:00,2026-09-30,M024,W004,STOCKOUT_RISK_HIGH,HIGH,TRANSFER,EMAIL,Nishit02209@gmail.com,STOCKOUT_RISK_HIGH: M024 / W004,HIGH stock-out risk for M024 at W004: projected usable inventory -96.00 after 6-day lead-time demand of 232.00 (safety stock 120). Shortage 216.00 units.,SENT,<179041610251.28282.9244393890290779850@medcare.local>,
db5b2e76168d4bc3befeac8a07eac5f5,2026-09-26T09:48:22+00:00,2026-09-30,M016,W002,STOCKOUT_RISK_HIGH,HIGH,TRANSFER,EMAIL,Nishit02209@gmail.com,STOCKOUT_RISK_HIGH: M016 / W002,HIGH stock-out risk for M016 at W002: projected usable inventory -67.93 after 5-day lead-time demand of 239.93 (safety stock 140). Shortage 207.93 units.,SENT,<179041610251.28282.9244393890290779850@medcare.local>,
dd6eacb44b5f4aacb5521636da1b9fdd,2026-09-26T09:48:22+00:00,2026-09-30,M022,W002,STOCKOUT_RISK_HIGH,HIGH,TRANSFER,EMAIL,Nishit02209@gmail.com,STOCKOUT_RISK_HIGH: M022 / W002,HIGH stock-out risk for M022 at W002: projected usable inventory -86.57 after 5-day lead-time demand of 215.57 (safety stock 110). Shortage 196.57 units.,SENT,<179041610251.28282.9244393890290779850@medcare.local>,
de80d5cf6dc3467aa00864b22d35c78b,2026-09-26T09:48:22+00:00,2026-09-30,M027,W003,STOCKOUT_RISK_HIGH,HIGH,TRANSFER,EMAIL,Nishit02209@gmail.com,STOCKOUT_RISK_HIGH: M027 / W003,HIGH stock-out risk for M027 at W003: projected usable inventory -121.33 after 6-day lead-time demand of 341.33 (safety stock 170). Shortage 291.33 units.,SENT,<179041610251.28282.9244393890290779850@medcare.local>,
e06c9993771540b58c12e86cadbb7752,2026-09-26T09:48:22+00:00,2026-09-30,M027,W003,EXPIRY_RISK_HIGH,HIGH,TRANSFER,EMAIL,Nishit02209@gmail.com,EXPIRY_RISK_HIGH: M027 / W003,HIGH expiry risk for M027 at W003: 0.41 usable units are forecast to expire before they are consumed. It cannot be moved: it expires within the 2-day transfer transit or no other warehouse can use it before expiry.,SENT,<179041610251.28282.9244393890290779850@medcare.local>,
e20398a0d9854300969ce0052c0c0d0c,2026-09-26T09:48:22+00:00,2026-09-30,M001,W002,STOCKOUT_RISK_HIGH,HIGH,TRANSFER,EMAIL,Nishit02209@gmail.com,STOCKOUT_RISK_HIGH: M001 / W002,HIGH stock-out risk for M001 at W002: projected usable inventory -247.79 after 5-day lead-time demand of 367.79 (safety stock 80). Shortage 327.79 units. Seasonal demand signal: ELEVATED (historical seasonal demand pattern).,SENT,<179041610251.28282.9244393890290779850@medcare.local>,
e9eeec59ceca4248a1f7f6495c5dec19,2026-09-26T09:48:22+00:00,2026-09-30,M015,W004,EXPIRY_RISK_HIGH,HIGH,TRANSFER,EMAIL,Nishit02209@gmail.com,EXPIRY_RISK_HIGH: M015 / W004,"HIGH expiry risk for M015 at W004: 13.52 usable units are forecast to expire before they are consumed. 13 units scheduled for transfer to W001, W003, W005.",SENT,<179041610251.28282.9244393890290779850@medcare.local>,
f34e6e45419b43edafd30a8d1655fc06,2026-09-26T09:48:22+00:00,2026-09-30,M005,W002,STOCKOUT_RISK_HIGH,HIGH,TRANSFER,EMAIL,Nishit02209@gmail.com,STOCKOUT_RISK_HIGH: M005 / W002,HIGH stock-out risk for M005 at W002: projected usable inventory -66.47 after 5-day lead-time demand of 120.47 (safety stock 60). Shortage 126.47 units.,SENT,<179041610251.28282.9244393890290779850@medcare.local>,
fc3496f228cc4c86b48f4e0a89a91195,2026-09-26T09:48:22+00:00,2026-09-30,M030,W003,STOCKOUT_RISK_HIGH,HIGH,REORDER,EMAIL,Nishit02209@gmail.com,STOCKOUT_RISK_HIGH: M030 / W003,HIGH stock-out risk for M030 at W003: projected usable inventory -156.16 after 7-day lead-time demand of 199.16 (safety stock 90). Shortage 246.16 units.,SENT,<179041610251.28282.9244393890290779850@medcare.local>,
fcc621c406434cad8373dc0a596c1467,2026-09-26T09:48:22+00:00,2026-09-30,M025,W004,STOCKOUT_RISK_HIGH,HIGH,TRANSFER,EMAIL,Nishit02209@gmail.com,STOCKOUT_RISK_HIGH: M025 / W004,HIGH stock-out risk for M025 at W004: projected usable inventory -4.06 after 4-day lead-time demand of 245.06 (safety stock 190). Shortage 194.06 units.,SENT,<179041610251.28282.9244393890290779850@medcare.local>,
fdc0b02d29bd48428c71564855f2c6f1,2026-09-26T09:48:22+00:00,2026-09-30,M009,W005,STOCKOUT_RISK_HIGH,HIGH,TRANSFER,EMAIL,Nishit02209@gmail.com,STOCKOUT_RISK_HIGH: M009 / W005,HIGH stock-out risk for M009 at W005: projected usable inventory -117.73 after 6-day lead-time demand of 359.73 (safety stock 110). Shortage 227.73 units. Seasonal demand signal: SEASONAL (historical seasonal demand pattern).,SENT,<179041610251.28282.9244393890290779850@medcare.local>,
feb53dbc9e7a4482abd50a755745ef48,2026-09-26T09:48:22+00:00,2026-09-30,M015,W005,STOCKOUT_RISK_HIGH,HIGH,TRANSFER,EMAIL,Nishit02209@gmail.com,STOCKOUT_RISK_HIGH: M015 / W005,HIGH stock-out risk for M015 at W005: projected usable inventory -156.50 after 8-day lead-time demand of 192.50 (safety stock 80). Shortage 236.50 units.,SENT,<179041610251.28282.9244393890290779850@medcare.local>,
ff81d1032dfd4b11895d1891f4f463cd,2026-09-26T09:48:22+00:00,2026-09-30,M015,W003,STOCKOUT_RISK_HIGH,HIGH,TRANSFER,EMAIL,Nishit02209@gmail.com,STOCKOUT_RISK_HIGH: M015 / W003,HIGH stock-out risk for M015 at W003: projected usable inventory -114.08 after 7-day lead-time demand of 191.08 (safety stock 70). Shortage 184.08 units.,SENT,<179041610251.28282.9244393890290779850@medcare.local>,
